Number of Episodes,Winrate as 1st Player,Winrate as 2nd Player,,Number of Episodes,"Winrate as 1st Player (""X"")","Winrate as 2nd Player (""O"")",,Number of Episodes,"Winrate as 1st Player (""X"")","Winrate as 2nd Player (""O"")",,Number of Episodes,"Winrate as 1st Player (""X"")","Winrate as 2nd Player (""O"")",,Number of Episodes,"Winrate as 1st Player (""X"")","Winrate as 2nd Player (""O"")",,Number of Episodes,"Winrate as 1st Player (""X"")","Winrate as 2nd Player (""O"")"
0,0.588,0.284,,0,0.596,0.307,,0,0.583,0.283,,0,0.584,0.278,,0,60.20%,30.30%,,0,0.5906,0.291
1000,0.804,0.506,,1000,0.783,0.464,,1000,0.833,0.455,,1000,0.819,0.508,,1000,68.30%,46.10%,,1000,0.7844,0.4788
2000,0.822,0.524,,2000,0.832,0.578,,2000,0.835,0.621,,2000,0.857,0.64,,2000,80.00%,61.70%,,2000,0.8292,0.596
3000,0.929,0.723,,3000,0.902,0.675,,3000,0.891,0.629,,3000,0.841,0.733,,3000,90.60%,69.20%,,3000,0.8938,0.6904
4000,0.879,0.723,,4000,0.896,0.717,,4000,0.913,0.719,,4000,0.934,0.76,,4000,92.40%,74.80%,,4000,0.9092,0.7334
5000,0.921,0.751,,5000,0.902,0.735,,5000,0.937,0.752,,5000,0.931,0.791,,5000,95.50%,78.30%,,5000,0.9292,0.7624
6000,0.917,0.741,,6000,0.951,0.8,,6000,0.95,0.738,,6000,0.945,0.779,,6000,96.00%,78.70%,,6000,0.9446,0.769
7000,0.94,0.787,,7000,0.934,0.786,,7000,0.98,0.766,,7000,0.968,0.822,,7000,95.30%,78.60%,,7000,0.955,0.7894
8000,0.942,0.792,,8000,0.974,0.846,,8000,0.962,0.818,,8000,0.961,0.836,,8000,96.80%,80.90%,,8000,0.9614,0.8202
9000,0.935,0.807,,9000,0.948,0.834,,9000,0.957,0.825,,9000,0.986,0.848,,9000,96.50%,82.40%,,9000,0.9582,0.8276
10000,0.941,0.789,,10000,0.95,0.841,,10000,0.977,0.831,,10000,0.986,0.835,,10000,97.70%,84.70%,,10000,0.9662,0.8286
11000,0.963,0.852,,11000,0.969,0.878,,11000,0.973,0.849,,11000,0.957,0.851,,11000,97.10%,84.60%,,11000,0.9666,0.8552
12000,0.97,0.848,,12000,0.956,0.859,,12000,0.962,0.857,,12000,0.978,0.874,,12000,96.20%,84.30%,,12000,0.9656,0.8562
13000,0.974,0.857,,13000,0.951,0.882,,13000,0.964,0.85,,13000,0.979,0.873,,13000,98.30%,85.00%,,13000,0.9702,0.8624
14000,0.944,0.869,,14000,0.977,0.863,,14000,0.966,0.839,,14000,0.967,0.871,,14000,97.50%,86.90%,,14000,0.9658,0.8622
15000,0.943,0.851,,15000,0.949,0.863,,15000,0.98,0.867,,15000,0.984,0.89,,15000,98.70%,90.30%,,15000,0.9686,0.8748
16000,0.968,0.812,,16000,0.975,0.878,,16000,0.963,0.884,,16000,0.982,0.857,,16000,97.50%,87.90%,,16000,0.9726,0.862
17000,0.982,0.85,,17000,0.969,0.853,,17000,0.985,0.877,,17000,0.982,0.875,,17000,97.80%,86.80%,,17000,0.9792,0.8646
18000,0.976,0.853,,18000,0.968,0.865,,18000,0.961,0.848,,18000,0.981,0.858,,18000,97.70%,88.10%,,18000,0.9726,0.861
19000,0.976,0.866,,19000,0.97,0.891,,19000,0.98,0.908,,19000,0.98,0.891,,19000,97.20%,88.80%,,19000,0.9756,0.8888
20000,0.971,0.889,,20000,0.972,0.878,,20000,0.97,0.89,,20000,0.983,0.906,,20000,97.30%,90.60%,,20000,0.9738,0.8938
21000,0.983,0.898,,21000,0.979,0.895,,21000,0.992,0.917,,21000,0.99,0.933,,21000,97.60%,89.60%,,21000,0.984,0.9078
22000,0.974,0.873,,22000,0.969,0.872,,22000,0.993,0.9,,22000,0.98,0.914,,22000,99.10%,88.70%,,22000,0.9814,0.8892
23000,0.987,0.904,,23000,0.973,0.881,,23000,0.99,0.901,,23000,0.976,0.906,,23000,96.00%,88.30%,,23000,0.9772,0.895
24000,0.978,0.907,,24000,0.98,0.875,,24000,0.987,0.908,,24000,0.992,0.887,,24000,95.80%,91.00%,,24000,0.979,0.8974
25000,0.974,0.899,,25000,0.978,0.889,,25000,0.982,0.897,,25000,0.996,0.927,,25000,98.10%,90.40%,,25000,0.9822,0.9032
26000,0.976,0.905,,26000,0.978,0.895,,26000,0.985,0.902,,26000,0.996,0.908,,26000,98.10%,90.20%,,26000,0.9832,0.9024
27000,0.984,0.911,,27000,0.986,0.878,,27000,0.989,0.893,,27000,0.992,0.921,,27000,98.80%,92.30%,,27000,0.9878,0.9052
28000,0.99,0.906,,28000,0.983,0.916,,28000,0.997,0.912,,28000,0.985,0.922,,28000,98.60%,89.20%,,28000,0.9882,0.9096
29000,0.986,0.913,,29000,0.981,0.908,,29000,0.995,0.904,,29000,0.986,0.915,,29000,98.40%,91.20%,,29000,0.9864,0.9104
30000,0.974,0.927,,30000,0.988,0.918,,30000,0.982,0.917,,30000,0.993,0.921,,30000,98.50%,90.10%,,30000,0.9844,0.9168
31000,0.992,0.911,,31000,0.988,0.903,,31000,0.986,0.907,,31000,0.988,0.905,,31000,98.40%,91.20%,,31000,0.9876,0.9076
32000,0.982,0.905,,32000,0.995,0.901,,32000,0.991,0.909,,32000,0.986,0.909,,32000,97.60%,89.20%,,32000,0.986,0.9032
33000,0.997,0.895,,33000,0.996,0.916,,33000,0.996,0.909,,33000,0.995,0.902,,33000,98.10%,91.10%,,33000,0.993,0.9066
34000,0.979,0.914,,34000,0.985,0.899,,34000,0.973,0.906,,34000,0.993,0.915,,34000,98.60%,91.30%,,34000,0.9832,0.9094
35000,0.989,0.887,,35000,0.987,0.903,,35000,0.995,0.926,,35000,0.995,0.912,,35000,98.80%,89.80%,,35000,0.9908,0.9052
36000,0.994,0.902,,36000,0.997,0.891,,36000,0.992,0.913,,36000,0.997,0.934,,36000,98.80%,92.80%,,36000,0.9936,0.9136
37000,0.993,0.901,,37000,0.984,0.905,,37000,0.989,0.916,,37000,0.987,0.901,,37000,99.00%,89.40%,,37000,0.9886,0.9034
38000,0.993,0.897,,38000,0.99,0.92,,38000,0.996,0.902,,38000,0.992,0.916,,38000,99.10%,91.00%,,38000,0.9924,0.909
39000,0.982,0.895,,39000,0.987,0.922,,39000,0.994,0.891,,39000,0.993,0.934,,39000,99.70%,90.20%,,39000,0.9906,0.9088
40000,0.992,0.892,,40000,0.984,0.915,,40000,0.975,0.912,,40000,0.997,0.928,,40000,98.80%,89.80%,,40000,0.9872,0.909
41000,0.995,0.912,,41000,0.994,0.886,,41000,0.999,0.929,,41000,0.994,0.907,,41000,98.50%,91.10%,,41000,0.9934,0.909
42000,0.993,0.908,,42000,0.988,0.903,,42000,0.99,0.906,,42000,0.996,0.926,,42000,98.60%,91.40%,,42000,0.9906,0.9114
43000,0.997,0.899,,43000,0.995,0.928,,43000,0.987,0.917,,43000,0.999,0.917,,43000,99.50%,91.30%,,43000,0.9946,0.9148
44000,0.996,0.906,,44000,0.989,0.902,,44000,0.987,0.897,,44000,0.995,0.92,,44000,99.30%,90.20%,,44000,0.992,0.9054
45000,0.986,0.901,,45000,0.99,0.919,,45000,0.989,0.92,,45000,0.999,0.91,,45000,99.50%,92.50%,,45000,0.9918,0.915
46000,0.997,0.924,,46000,0.992,0.915,,46000,0.988,0.91,,46000,0.995,0.908,,46000,99.20%,91.90%,,46000,0.9928,0.9152
47000,0.986,0.904,,47000,0.996,0.917,,47000,0.984,0.914,,47000,0.996,0.932,,47000,99.60%,90.10%,,47000,0.9916,0.9136
48000,0.991,0.912,,48000,0.99,0.888,,48000,0.992,0.911,,48000,0.997,0.907,,48000,99.40%,89.60%,,48000,0.9928,0.9028
49000,0.991,0.921,,49000,0.99,0.903,,49000,0.987,0.923,,49000,0.996,0.909,,49000,98.40%,93.10%,,49000,0.9896,0.9174
,,,,,,,,,,,,,,,,,,,,,,
,,,,,,,,,,,,,,,,,,,,,,
,,,,,,,,,,,,,,,,,,,,,,
Time,Diff,Number of Episodes,,Time,Number of Episodes,Diff,,Time,Number of Episodes,Diff,,Time,Number of Episodes,Diff,,Time,Number of Episodes,Diff,,,Number of Episodes,Diff
13:15:14.637,00:00:00000,0,,13:17:24.944,0,00:00:00000,,13:21:01.391,0,00:00:00000,,13:21:01.391,0,00:00:00000,,13:27:57.536,0,00:00:00000,,,0,0
13:15:15.632,00:00:00995,1000,,13:17:26.009,1000,00:00:01065,,13:21:02.399,1000,00:00:01008,,13:21:02.399,1000,00:00:01008,,13:27:58.566,1000,00:00:01030,,,1000,1.021
13:15:16.639,00:00:01007,2000,,13:17:27.033,2000,00:00:01024,,13:21:03.425,2000,00:00:01026,,13:21:03.425,2000,00:00:01026,,13:27:59.567,2000,00:00:01001,,,2000,1.017
13:15:17.612,00:00:00973,3000,,13:17:28.019,3000,00:00:00986,,13:21:04.417,3000,00:00:00992,,13:21:04.417,3000,00:00:00992,,13:28:00.565,3000,00:00:00998,,,3000,0.988
13:15:18.562,00:00:00950,4000,,13:17:28.982,4000,00:00:00963,,13:21:05.393,4000,00:00:00976,,13:21:05.393,4000,00:00:00976,,13:28:01.536,4000,00:00:00971,,,4000,0.967
13:15:19.511,00:00:00949,5000,,13:17:29.946,5000,00:00:00964,,13:21:06.411,5000,00:00:01018,,13:21:06.411,5000,00:00:01018,,13:28:02.516,5000,00:00:00980,,,5000,0.986
13:15:20.441,00:00:00930,6000,,13:17:30.891,6000,00:00:00945,,13:21:07.402,6000,00:00:00991,,13:21:07.402,6000,00:00:00991,,13:28:03.474,6000,00:00:00958,,,6000,0.963
13:15:21.381,00:00:00940,7000,,13:17:31.832,7000,00:00:00941,,13:21:08.375,7000,00:00:00973,,13:21:08.375,7000,00:00:00973,,13:28:04.416,7000,00:00:00942,,,7000,0.954
13:15:22.316,00:00:00935,8000,,13:17:32.769,8000,00:00:00937,,13:21:09.332,8000,00:00:00957,,13:21:09.332,8000,00:00:00957,,13:28:05.344,8000,00:00:00928,,,8000,0.943
13:15:23.240,00:00:00924,9000,,13:17:33.697,9000,00:00:00928,,13:21:10.278,9000,00:00:00946,,13:21:10.278,9000,00:00:00946,,13:28:06.276,9000,00:00:00932,,,9000,0.935
13:15:24.177,00:00:00937,10000,,13:17:34.630,10000,00:00:00933,,13:21:11.243,10000,00:00:00965,,13:21:11.243,10000,00:00:00965,,13:28:07.225,10000,00:00:00949,,,10000,0.95
13:15:25.118,00:00:00941,11000,,13:17:35.567,11000,00:00:00937,,13:21:12.209,11000,00:00:00966,,13:21:12.209,11000,00:00:00966,,13:28:08.168,11000,00:00:00943,,,11000,0.951
13:15:26.057,00:00:00939,12000,,13:17:36.510,12000,00:00:00943,,13:21:13.205,12000,00:00:00996,,13:21:13.205,12000,00:00:00996,,13:28:09.105,12000,00:00:00937,,,12000,0.962
13:15:27.062,00:00:01005,13000,,13:17:37.448,13000,00:00:00938,,13:21:14.243,13000,00:00:01038,,13:21:14.243,13000,00:00:01038,,13:28:10.038,13000,00:00:00933,,,13000,0.99
13:15:27.998,00:00:00936,14000,,13:17:38.378,14000,00:00:00930,,13:21:15.300,14000,00:00:01057,,13:21:15.300,14000,00:00:01057,,13:28:10.960,14000,00:00:00922,,,14000,0.98
13:15:28.944,00:00:00946,15000,,13:17:39.305,15000,00:00:00927,,13:21:16.303,15000,00:00:01003,,13:21:16.303,15000,00:00:01003,,13:28:11.876,15000,00:00:00916,,,15000,0.959
13:15:29.903,00:00:00959,16000,,13:17:40.229,16000,00:00:00924,,13:21:17.395,16000,00:00:01092,,13:21:17.395,16000,00:00:01092,,13:28:12.813,16000,00:00:00937,,,16000,1.001
13:15:30.827,00:00:00924,17000,,13:17:41.161,17000,00:00:00932,,13:21:18.514,17000,00:00:01119,,13:21:18.514,17000,00:00:01119,,13:28:13.752,17000,00:00:00939,,,17000,1.007
13:15:31.776,00:00:00949,18000,,13:17:42.090,18000,00:00:00929,,13:21:19.522,18000,00:00:01008,,13:21:19.522,18000,00:00:01008,,13:28:14.682,18000,00:00:00930,,,18000,0.965
13:15:32.703,00:00:00927,19000,,13:17:43.010,19000,00:00:00920,,13:21:20.557,19000,00:00:01035,,13:21:20.557,19000,00:00:01035,,13:28:15.607,19000,00:00:00925,,,19000,0.968
13:15:33.612,00:00:00909,20000,,13:17:43.926,20000,00:00:00916,,13:21:21.468,20000,00:00:00911,,13:21:21.468,20000,00:00:00911,,13:28:16.524,20000,00:00:00917,,,20000,0.913
13:15:34.607,00:00:00995,21000,,13:17:44.850,21000,00:00:00924,,13:21:22.381,21000,00:00:00913,,13:21:22.381,21000,00:00:00913,,13:28:17.437,21000,00:00:00913,,,21000,0.932
13:15:35.513,00:00:00906,22000,,13:17:45.769,22000,00:00:00919,,13:21:23.291,22000,00:00:00910,,13:21:23.291,22000,00:00:00910,,13:28:18.352,22000,00:00:00915,,,22000,0.912
13:15:36.414,00:00:00901,23000,,13:17:46.680,23000,00:00:00911,,13:21:24.201,23000,00:00:00910,,13:21:24.201,23000,00:00:00910,,13:28:19.266,23000,00:00:00914,,,23000,0.909
13:15:37.332,00:00:00918,24000,,13:17:47.600,24000,00:00:00920,,13:21:25.108,24000,00:00:00907,,13:21:25.108,24000,00:00:00907,,13:28:20.175,24000,00:00:00909,,,24000,0.912
13:15:38.246,00:00:00914,25000,,13:17:48.512,25000,00:00:00912,,13:21:26.014,25000,00:00:00906,,13:21:26.014,25000,00:00:00906,,13:28:21.161,25000,00:00:00986,,,25000,0.925
13:15:39.150,00:00:00904,26000,,13:17:49.420,26000,00:00:00908,,13:21:26.942,26000,00:00:00928,,13:21:26.942,26000,00:00:00928,,13:28:22.109,26000,00:00:00948,,,26000,0.923
13:15:40.049,00:00:00899,27000,,13:17:50.332,27000,00:00:00912,,13:21:27.850,27000,00:00:00908,,13:21:27.850,27000,00:00:00908,,13:28:23.103,27000,00:00:00994,,,27000,0.924
13:15:40.934,00:00:00885,28000,,13:17:51.251,28000,00:00:00919,,13:21:28.737,28000,00:00:00887,,13:21:28.737,28000,00:00:00887,,13:28:24.057,28000,00:00:00954,,,28000,0.906
13:15:41.825,00:00:00891,29000,,13:17:52.154,29000,00:00:00903,,13:21:29.653,29000,00:00:00916,,13:21:29.653,29000,00:00:00916,,13:28:24.987,29000,00:00:00930,,,29000,0.911
13:15:42.708,00:00:00883,30000,,13:17:53.062,30000,00:00:00908,,13:21:30.569,30000,00:00:00916,,13:21:30.569,30000,00:00:00916,,13:28:25.905,30000,00:00:00918,,,30000,0.908
13:15:43.605,00:00:00897,31000,,13:17:53.965,31000,00:00:00903,,13:21:31.526,31000,00:00:00957,,13:21:31.526,31000,00:00:00957,,13:28:26.826,31000,00:00:00921,,,31000,0.927
13:15:44.494,00:00:00889,32000,,13:17:54.875,32000,00:00:00910,,13:21:32.444,32000,00:00:00918,,13:21:32.444,32000,00:00:00918,,13:28:27.751,32000,00:00:00925,,,32000,0.912
13:15:45.387,00:00:00893,33000,,13:17:55.790,33000,00:00:00915,,13:21:33.346,33000,00:00:00902,,13:21:33.346,33000,00:00:00902,,13:28:28.672,33000,00:00:00921,,,33000,0.907
13:15:46.284,00:00:00897,34000,,13:17:56.708,34000,00:00:00918,,13:21:34.249,34000,00:00:00903,,13:21:34.249,34000,00:00:00903,,13:28:29.596,34000,00:00:00924,,,34000,0.909
13:15:47.175,00:00:00891,35000,,13:17:57.613,35000,00:00:00905,,13:21:35.294,35000,00:00:01045,,13:21:35.294,35000,00:00:01045,,13:28:30.503,35000,00:00:00907,,,35000,0.959
13:15:48.068,00:00:00893,36000,,13:17:58.525,36000,00:00:00912,,13:21:36.268,36000,00:00:00974,,13:21:36.268,36000,00:00:00974,,13:28:31.421,36000,00:00:00918,,,36000,0.934
13:15:48.959,00:00:00891,37000,,13:17:59.436,37000,00:00:00911,,13:21:37.229,37000,00:00:00961,,13:21:37.229,37000,00:00:00961,,13:28:32.328,37000,00:00:00907,,,37000,0.926
13:15:49.857,00:00:00898,38000,,13:18:00.349,38000,00:00:00913,,13:21:38.214,38000,00:00:00985,,13:21:38.214,38000,00:00:00985,,13:28:33.247,38000,00:00:00919,,,38000,0.94
13:15:50.765,00:00:00908,39000,,13:18:01.267,39000,00:00:00918,,13:21:39.174,39000,00:00:00960,,13:21:39.174,39000,00:00:00960,,13:28:34.170,39000,00:00:00923,,,39000,0.934
13:15:51.672,00:00:00907,40000,,13:18:02.178,40000,00:00:00911,,13:21:40.092,40000,00:00:00918,,13:21:40.092,40000,00:00:00918,,13:28:35.120,40000,00:00:00950,,,40000,0.921
13:15:52.570,00:00:00898,41000,,13:18:03.098,41000,00:00:00920,,13:21:41.007,41000,00:00:00915,,13:21:41.007,41000,00:00:00915,,13:28:36.040,41000,00:00:00920,,,41000,0.914
13:15:53.466,00:00:00896,42000,,13:18:04.015,42000,00:00:00917,,13:21:41.938,42000,00:00:00931,,13:21:41.938,42000,00:00:00931,,13:28:36.961,42000,00:00:00921,,,42000,0.919
13:15:54.365,00:00:00899,43000,,13:18:04.926,43000,00:00:00911,,13:21:42.888,43000,00:00:00950,,13:21:42.888,43000,00:00:00950,,13:28:37.877,43000,00:00:00916,,,43000,0.925
13:15:55.264,00:00:00899,44000,,13:18:05.843,44000,00:00:00917,,13:21:43.861,44000,00:00:00973,,13:21:43.861,44000,00:00:00973,,13:28:38.805,44000,00:00:00928,,,44000,0.938
13:15:56.165,00:00:00901,45000,,13:18:06.761,45000,00:00:00918,,13:21:44.922,45000,00:00:01061,,13:21:44.922,45000,00:00:01061,,13:28:39.734,45000,00:00:00929,,,45000,0.974
13:15:57.082,00:00:00917,46000,,13:18:07.680,46000,00:00:00919,,13:21:45.898,46000,00:00:00976,,13:21:45.898,46000,00:00:00976,,13:28:40.660,46000,00:00:00926,,,46000,0.943
13:15:58.002,00:00:00920,47000,,13:18:08.588,47000,00:00:00908,,13:21:46.853,47000,00:00:00955,,13:21:46.853,47000,00:00:00955,,13:28:41.567,47000,00:00:00907,,,47000,0.929
13:15:58.971,00:00:00969,48000,,13:18:09.513,48000,00:00:00925,,13:21:47.836,48000,00:00:00983,,13:21:47.836,48000,00:00:00983,,13:28:42.481,48000,00:00:00914,,,48000,0.955
13:15:59.902,00:00:00931,49000,,13:18:10.420,49000,00:00:00907,,13:21:48.799,49000,00:00:00963,,13:21:48.799,49000,00:00:00963,,13:28:43.382,49000,00:00:00901,,,49000,0.933
,,,,,,,,,,,,,,,,,,,,,,
,,,,,,,,,,,,,,,,,,,,,,
,,,,,,,,,,,,,,,,,,,,,,
PROLOG BRIDGE -------------------------------------------------------------------------------------------------------------------------------------------------------------------------------------------------------------------- PROLOG BRIDGE -------------------------------------------------------------------------------------------------------------------------------------------------------------------------------------------------------------------- PROLOG BRIDGE -------------------------------------------------------------------------------------------------------------------------------------------------------------------------------------------------------------------- ,,,,,,,,,,,,,,,,,,,,,,
,,,,,,,,,,,,,,,,,,,,,,
Number of Episodes,Winrate as 1st Player,Winrate as 2nd Player,,Number of Episodes,Winrate as 1st Player,Winrate as 2nd Player,,Number of Episodes,Winrate as 1st Player,Winrate as 2nd Player,,Number of Episodes,Winrate as 1st Player,Winrate as 2nd Player,,Number of Episodes,Winrate as 1st Player,Winrate as 2nd Player,,Number of Episodes,Winrate as 1st Player,Winrate as 2nd Player
0,0.566,0.303,,0,0.593,0.284,,0,0.618,0.302,,0,0.579,0.292,,0,58.30%,27.60%,,0,0.5878,0.2914
1000,0.816,0.446,,1000,0.722,0.407,,1000,0.778,0.434,,1000,0.878,0.413,,1000,63.10%,43.40%,,1000,0.765,0.4268
2000,0.834,0.607,,2000,0.826,0.541,,2000,0.83,0.615,,2000,0.869,0.467,,2000,80.50%,53.40%,,2000,0.8328,0.5528
3000,0.89,0.685,,3000,0.854,0.659,,3000,0.904,0.669,,3000,0.909,0.465,,3000,90.10%,59.10%,,3000,0.8916,0.6138
4000,0.899,0.694,,4000,0.921,0.7,,4000,0.929,0.697,,4000,0.953,0.54,,4000,93.40%,66.60%,,4000,0.9272,0.6594
5000,0.918,0.736,,5000,0.952,0.762,,5000,0.946,0.736,,5000,0.823,0.551,,5000,92.60%,72.30%,,5000,0.913,0.7016
6000,0.936,0.757,,6000,0.944,0.789,,6000,0.95,0.789,,6000,0.898,0.522,,6000,94.80%,75.30%,,6000,0.9352,0.722
7000,0.944,0.802,,7000,0.959,0.74,,7000,0.931,0.784,,7000,0.895,0.651,,7000,95.60%,78.10%,,7000,0.937,0.7516
8000,0.955,0.786,,8000,0.958,0.796,,8000,0.938,0.798,,8000,0.924,0.626,,8000,96.70%,79.10%,,8000,0.9484,0.7594
9000,0.942,0.802,,9000,0.956,0.792,,9000,0.958,0.825,,9000,0.917,0.667,,9000,94.70%,81.60%,,9000,0.944,0.7804
10000,0.957,0.832,,10000,0.964,0.805,,10000,0.953,0.843,,10000,0.923,0.662,,10000,95.40%,82.60%,,10000,0.9502,0.7936
11000,0.957,0.833,,11000,0.959,0.839,,11000,0.953,0.833,,11000,0.987,0.653,,11000,97.30%,85.30%,,11000,0.9658,0.8022
12000,0.974,0.843,,12000,0.964,0.822,,12000,0.952,0.825,,12000,0.99,0.635,,12000,95.20%,84.20%,,12000,0.9664,0.7934
13000,0.946,0.827,,13000,0.953,0.817,,13000,0.966,0.829,,13000,0.988,0.627,,13000,96.30%,83.90%,,13000,0.9632,0.7878
14000,0.979,0.834,,14000,0.954,0.828,,14000,0.967,0.831,,14000,0.987,0.634,,14000,97.20%,86.60%,,14000,0.9718,0.7986
15000,0.986,0.865,,15000,0.955,0.881,,15000,0.97,0.846,,15000,0.988,0.675,,15000,98.80%,86.80%,,15000,0.9774,0.827
16000,0.97,0.86,,16000,0.955,0.902,,16000,0.985,0.859,,16000,0.99,0.695,,16000,97.30%,89.00%,,16000,0.9746,0.8412
17000,0.983,0.843,,17000,0.951,0.904,,17000,0.989,0.884,,17000,0.946,0.651,,17000,97.40%,89.10%,,17000,0.9686,0.8346
18000,0.973,0.874,,18000,0.961,0.879,,18000,0.96,0.86,,18000,0.955,0.682,,18000,95.80%,88.20%,,18000,0.9614,0.8354
19000,0.985,0.878,,19000,0.971,0.875,,19000,0.989,0.897,,19000,0.951,0.722,,19000,97.70%,88.60%,,19000,0.9746,0.8516
20000,0.974,0.9,,20000,0.981,0.899,,20000,0.969,0.916,,20000,0.963,0.703,,20000,98.50%,90.20%,,20000,0.9744,0.864
21000,0.984,0.884,,21000,0.981,0.878,,21000,0.962,0.907,,21000,0.947,0.701,,21000,96.60%,90.30%,,21000,0.968,0.8546
22000,0.983,0.898,,22000,0.98,0.896,,22000,0.969,0.923,,22000,0.902,0.728,,22000,97.90%,91.70%,,22000,0.9626,0.8724
23000,0.983,0.906,,23000,0.972,0.887,,23000,0.996,0.89,,23000,0.964,0.703,,23000,98.30%,92.50%,,23000,0.9796,0.8622
24000,0.95,0.894,,24000,0.974,0.895,,24000,0.975,0.903,,24000,0.969,0.712,,24000,97.40%,92.00%,,24000,0.9684,0.8648
25000,0.992,0.88,,25000,0.988,0.872,,25000,0.967,0.904,,25000,0.973,0.754,,25000,98.60%,89.90%,,25000,0.9812,0.8618
26000,0.992,0.899,,26000,0.991,0.872,,26000,0.977,0.902,,26000,0.973,0.657,,26000,97.80%,91.30%,,26000,0.9822,0.8486
27000,0.986,0.903,,27000,0.989,0.899,,27000,0.989,0.904,,27000,0.99,0.685,,27000,98.20%,92.00%,,27000,0.9872,0.8622
28000,0.987,0.915,,28000,0.984,0.895,,28000,0.988,0.911,,28000,0.987,0.712,,28000,98.70%,90.70%,,28000,0.9866,0.868
29000,0.981,0.884,,29000,0.982,0.896,,29000,0.985,0.909,,29000,0.969,0.728,,29000,97.80%,90.10%,,29000,0.979,0.8636
30000,0.986,0.892,,30000,0.986,0.908,,30000,0.987,0.904,,30000,0.978,0.743,,30000,99.50%,90.30%,,30000,0.9864,0.87
31000,0.983,0.911,,31000,0.989,0.904,,31000,0.987,0.918,,31000,0.964,0.724,,31000,99.50%,89.80%,,31000,0.9836,0.871
32000,0.978,0.923,,32000,0.988,0.901,,32000,0.993,0.909,,32000,0.972,0.706,,32000,99.00%,89.90%,,32000,0.9842,0.8676
33000,0.996,0.922,,33000,0.989,0.904,,33000,0.992,0.901,,33000,0.976,0.682,,33000,99.10%,90.10%,,33000,0.9888,0.862
34000,0.988,0.913,,34000,0.996,0.902,,34000,0.986,0.896,,34000,0.975,0.708,,34000,98.70%,89.40%,,34000,0.9864,0.8626
35000,0.994,0.899,,35000,0.983,0.909,,35000,0.991,0.907,,35000,0.972,0.697,,35000,99.90%,89.30%,,35000,0.9878,0.861
36000,0.991,0.908,,36000,0.998,0.902,,36000,0.989,0.928,,36000,0.99,0.706,,36000,99.60%,90.10%,,36000,0.9928,0.869
37000,0.995,0.927,,37000,0.998,0.917,,37000,0.976,0.918,,37000,0.985,0.713,,37000,99.60%,90.90%,,37000,0.99,0.8768
38000,0.978,0.909,,38000,0.99,0.893,,38000,0.994,0.914,,38000,0.977,0.765,,38000,99.80%,89.90%,,38000,0.9874,0.876
39000,0.989,0.907,,39000,0.998,0.914,,39000,0.994,0.889,,39000,0.975,0.738,,39000,99.30%,90.40%,,39000,0.9898,0.8704
40000,0.984,0.915,,40000,0.991,0.915,,40000,0.995,0.903,,40000,0.987,0.786,,40000,99.70%,91.20%,,40000,0.9908,0.8862
41000,0.99,0.902,,41000,0.996,0.914,,41000,0.995,0.904,,41000,0.99,0.777,,41000,99.70%,92.40%,,41000,0.9936,0.8842
42000,0.989,0.917,,42000,0.993,0.888,,42000,0.995,0.899,,42000,0.991,0.792,,42000,99.40%,91.30%,,42000,0.9924,0.8818
43000,0.984,0.897,,43000,0.993,0.894,,43000,0.997,0.888,,43000,0.995,0.786,,43000,99.90%,91.80%,,43000,0.9936,0.8766
44000,0.994,0.915,,44000,0.993,0.893,,44000,0.993,0.901,,44000,0.987,0.78,,44000,99.60%,89.20%,,44000,0.9926,0.8762
45000,0.995,0.913,,45000,0.996,0.914,,45000,0.991,0.901,,45000,0.991,0.789,,45000,98.80%,92.10%,,45000,0.9922,0.8876
46000,0.996,0.93,,46000,0.987,0.902,,46000,0.991,0.925,,46000,0.99,0.797,,46000,99.70%,91.70%,,46000,0.9922,0.8942
47000,0.99,0.91,,47000,0.995,0.905,,47000,0.992,0.925,,47000,0.99,0.769,,47000,99.50%,89.30%,,47000,0.9924,0.8804
48000,0.986,0.876,,48000,0.991,0.902,,48000,0.995,0.903,,48000,0.99,0.779,,48000,99.70%,91.50%,,48000,0.9918,0.875
49000,0.99,0.915,,49000,0.987,0.918,,49000,0.99,0.903,,49000,0.994,0.788,,49000,99.50%,90.20%,,49000,0.9912,0.8852
,,,,,,,,,,,,,,,,,,,,,,
,,,,,,,,,,,,,,,,,,,,,,
,,,,,,,,,,,,,,,,,,,,,,
Time,Number of Episodes,Diff,,Time,Number of Episodes,Diff,,Time,Number of Episodes,Diff,,Time,Number of Episodes,Diff,,Time,Number of Episodes,Diff,,Time,Number of Episodes,Diff
17:34:56470,0,00:00:00000,,18:17:01806,0,00:00:00000,,18:56:37175,0,00:00:00000,,19:19:23882,0,00:00:00000,,19:37:40285,0,00:00:00000,,,0,0
17:35:18484,1000,00:00:22014,,18:17:22904,1000,00:00:21098,,18:56:58450,1000,00:00:21275,,19:19:44695,1000,00:00:20813,,19:38:02252,1000,00:00:21967,,,1000,21.433
17:35:39741,2000,00:00:21257,,18:17:43280,2000,00:00:20376,,18:57:19457,2000,00:00:21007,,19:20:05413,2000,00:00:20718,,19:38:23300,2000,00:00:21048,,,2000,20.881
17:36:00536,3000,00:00:20795,,18:18:03239,3000,00:00:19959,,18:57:40213,3000,00:00:20756,,19:20:26211,3000,00:00:20798,,19:38:43392,3000,00:00:20092,,,3000,20.48
17:36:21345,4000,00:00:20809,,18:18:22821,4000,00:00:19582,,18:58:00340,4000,00:00:20127,,19:20:46794,4000,00:00:20583,,19:39:03682,4000,00:00:20290,,,4000,20.278
17:36:41202,5000,00:00:19857,,18:18:42166,5000,00:00:19345,,18:58:20373,5000,00:00:20033,,19:21:08290,5000,00:00:21496,,19:39:23816,5000,00:00:20134,,,5000,20.173
17:37:01330,6000,00:00:20128,,18:19:01548,6000,00:00:19382,,18:58:40850,6000,00:00:20477,,19:21:29469,6000,00:00:21179,,19:39:43981,6000,00:00:20165,,,6000,20.266
17:37:20298,7000,00:00:18968,,18:19:20853,7000,00:00:19305,,18:59:00488,7000,00:00:19638,,19:21:50445,7000,00:00:20976,,19:40:03769,7000,00:00:19788,,,7000,19.735
17:37:40695,8000,00:00:20397,,18:19:40500,8000,00:00:19647,,18:59:21263,8000,00:00:20775,,19:22:11378,8000,00:00:20933,,19:40:23326,8000,00:00:19557,,,8000,20.262
17:38:01136,9000,00:00:20441,,18:19:59206,9000,00:00:18706,,18:59:41587,9000,00:00:20324,,19:22:32445,9000,00:00:21067,,19:40:42835,9000,00:00:19509,,,9000,20.009
17:38:21791,10000,00:00:20655,,18:20:18500,10000,00:00:19294,,19:00:01839,10000,00:00:20252,,19:22:53404,10000,00:00:20959,,19:41:02266,10000,00:00:19431,,,10000,20.118
17:38:41499,11000,00:00:19708,,18:20:37553,11000,00:00:19053,,19:00:21916,11000,00:00:20077,,19:23:13876,11000,00:00:20472,,19:41:21706,11000,00:00:19440,,,11000,19.75
17:39:00663,12000,00:00:19164,,18:20:56742,12000,00:00:19189,,19:00:42164,12000,00:00:20248,,19:23:34338,12000,00:00:20462,,19:41:41238,12000,00:00:19532,,,12000,19.719
17:39:20142,13000,00:00:19479,,18:21:15981,13000,00:00:19239,,19:01:02253,13000,00:00:20089,,19:23:54976,13000,00:00:20638,,19:42:00714,13000,00:00:19476,,,13000,19.784
17:39:40400,14000,00:00:20258,,18:21:34954,14000,00:00:18973,,19:01:21514,14000,00:00:19261,,19:24:15390,14000,00:00:20414,,19:42:20258,14000,00:00:19544,,,14000,19.69
17:39:59542,15000,00:00:19142,,18:21:53787,15000,00:00:18833,,19:01:40641,15000,00:00:19127,,19:24:35950,15000,00:00:20560,,19:42:39687,15000,00:00:19429,,,15000,19.418
17:40:19366,16000,00:00:19824,,18:22:12679,16000,00:00:18892,,19:01:59884,16000,00:00:19243,,19:24:56360,16000,00:00:20410,,19:42:59209,16000,00:00:19522,,,16000,19.578
17:40:39188,17000,00:00:19822,,18:22:31498,17000,00:00:18819,,19:02:19761,17000,00:00:19877,,19:25:17660,17000,00:00:21300,,19:43:18672,17000,00:00:19463,,,17000,19.856
17:40:59439,18000,00:00:20251,,18:22:50332,18000,00:00:18834,,19:02:40250,18000,00:00:20489,,19:25:37964,18000,00:00:20304,,19:43:38960,18000,00:00:20288,,,18000,20.033
17:41:19453,19000,00:00:20014,,18:23:09162,19000,00:00:18830,,19:03:00820,19000,00:00:20570,,19:25:58892,19000,00:00:20928,,19:43:57370,19000,00:00:18410,,,19000,19.75
17:41:39931,20000,00:00:20478,,18:23:28270,20000,00:00:19108,,19:03:19831,20000,00:00:19011,,19:26:19857,20000,00:00:20965,,19:44:16739,20000,00:00:19369,,,20000,19.786
17:42:00210,21000,00:00:20279,,18:23:46892,21000,00:00:18622,,19:03:38776,21000,00:00:18945,,19:26:40880,21000,00:00:21023,,19:44:35915,21000,00:00:19176,,,21000,19.609
17:42:19900,22000,00:00:19690,,18:24:05641,22000,00:00:18749,,19:03:58357,22000,00:00:19581,,19:27:02380,22000,00:00:21500,,19:44:54956,22000,00:00:19041,,,22000,19.712
17:42:39809,23000,00:00:19909,,18:24:25134,23000,00:00:19493,,19:04:18120,23000,00:00:19763,,19:27:23130,23000,00:00:20750,,19:45:14180,23000,00:00:19224,,,23000,19.828
17:43:00540,24000,00:00:20731,,18:24:44170,24000,00:00:19036,,19:04:38265,24000,00:00:20145,,19:27:43831,24000,00:00:20701,,19:45:33300,24000,00:00:19120,,,24000,19.947
17:43:19766,25000,00:00:19226,,18:25:03144,25000,00:00:18974,,19:04:58518,25000,00:00:20253,,19:28:04541,25000,00:00:20710,,19:45:52494,25000,00:00:19194,,,25000,19.671
17:43:39684,26000,00:00:19918,,18:25:22100,26000,00:00:18956,,19:05:17604,26000,00:00:19086,,19:28:25456,26000,00:00:20915,,19:46:11651,26000,00:00:19157,,,26000,19.606
17:43:59717,27000,00:00:20033,,18:25:40807,27000,00:00:18707,,19:05:36926,27000,00:00:19322,,19:28:46930,27000,00:00:21474,,19:46:30767,27000,00:00:19116,,,27000,19.73
17:44:20320,28000,00:00:20603,,18:25:59615,28000,00:00:18808,,19:05:56197,28000,00:00:19271,,19:29:06720,28000,00:00:19790,,19:46:49933,28000,00:00:19166,,,28000,19.528
17:44:39731,29000,00:00:19411,,18:26:18470,29000,00:00:18855,,19:06:15259,29000,00:00:19062,,19:29:27659,29000,00:00:20939,,19:47:09420,29000,00:00:19487,,,29000,19.551
17:44:59469,30000,00:00:19738,,18:26:38405,30000,00:00:19935,,19:06:34254,30000,00:00:18995,,19:29:48623,30000,00:00:20964,,19:47:28840,30000,00:00:19420,,,30000,19.81
17:45:19353,31000,00:00:19884,,18:26:57288,31000,00:00:18883,,19:06:53201,31000,00:00:18947,,19:30:09457,31000,00:00:20834,,19:47:47930,31000,00:00:19090,,,31000,19.528
17:45:39263,32000,00:00:19910,,18:27:16760,32000,00:00:19472,,19:07:12390,32000,00:00:19189,,19:30:30141,32000,00:00:20684,,19:48:06167,32000,00:00:18237,,,32000,19.498
17:45:58100,33000,00:00:18837,,18:27:34822,33000,00:00:18062,,19:07:30944,33000,00:00:18554,,19:30:50897,33000,00:00:20756,,19:48:25226,33000,00:00:19059,,,33000,19.054
17:46:16784,34000,00:00:18684,,18:27:53411,34000,00:00:18589,,19:07:49967,34000,00:00:19023,,19:31:11872,34000,00:00:20975,,19:48:44349,34000,00:00:19123,,,34000,19.279
17:46:36184,35000,00:00:19400,,18:28:12139,35000,00:00:18728,,19:08:09263,35000,00:00:19296,,19:31:32756,35000,00:00:20884,,19:49:03413,35000,00:00:19064,,,35000,19.474
17:46:56208,36000,00:00:20024,,18:28:31724,36000,00:00:19585,,19:08:28208,36000,00:00:18945,,19:31:53228,36000,00:00:20472,,19:49:22377,36000,00:00:18964,,,36000,19.598
17:47:15497,37000,00:00:19289,,18:28:50503,37000,00:00:18779,,19:08:47440,37000,00:00:19232,,19:32:13906,37000,00:00:20678,,19:49:41400,37000,00:00:19023,,,37000,19.4
17:47:35211,38000,00:00:19714,,18:29:09274,38000,00:00:18771,,19:09:05960,38000,00:00:18520,,19:32:34816,38000,00:00:20910,,19:50:00420,38000,00:00:19020,,,38000,19.387
17:47:54769,39000,00:00:19558,,18:29:27892,39000,00:00:18618,,19:09:24887,39000,00:00:18927,,19:32:55609,39000,00:00:20793,,19:50:19410,39000,00:00:18990,,,39000,19.377
17:48:14552,40000,00:00:19783,,18:29:46493,40000,00:00:18601,,19:09:43794,40000,00:00:18907,,19:33:16479,40000,00:00:20870,,19:50:38432,40000,00:00:19022,,,40000,19.437
17:48:33738,41000,00:00:19186,,18:30:05310,41000,00:00:18817,,19:10:03244,41000,00:00:19450,,19:33:37104,41000,00:00:20625,,19:50:57471,41000,00:00:19039,,,41000,19.423
17:48:53966,42000,00:00:20228,,18:30:23746,42000,00:00:18436,,19:10:22624,42000,00:00:19380,,19:33:57616,42000,00:00:20512,,19:51:16551,42000,00:00:19080,,,42000,19.527
17:49:14609,43000,00:00:20643,,18:30:42324,43000,00:00:18578,,19:10:41692,43000,00:00:19068,,19:34:18870,43000,00:00:21254,,19:51:35521,43000,00:00:18970,,,43000,19.703
17:49:34661,44000,00:00:20052,,18:31:00995,44000,00:00:18671,,19:11:00830,44000,00:00:19138,,19:34:38731,44000,00:00:19861,,19:51:54538,44000,00:00:19017,,,44000,19.348
17:49:55262,45000,00:00:20601,,18:31:19812,45000,00:00:18817,,19:11:19705,45000,00:00:18875,,19:34:59171,45000,00:00:20440,,19:52:13576,45000,00:00:19038,,,45000,19.554
17:50:15281,46000,00:00:20019,,18:31:38906,46000,00:00:19094,,19:11:38589,46000,00:00:18884,,19:35:19923,46000,00:00:20752,,19:52:32304,46000,00:00:18728,,,46000,19.495
17:50:35170,47000,00:00:19889,,18:31:58410,47000,00:00:19504,,19:11:57397,47000,00:00:18808,,19:35:40628,47000,00:00:20705,,19:52:50935,47000,00:00:18631,,,47000,19.507
17:50:55890,48000,00:00:20720,,18:32:17185,48000,00:00:18775,,19:12:16441,48000,00:00:19044,,19:36:01340,48000,00:00:20712,,19:53:09688,48000,00:00:18753,,,48000,19.601
17:51:14232,49000,00:00:18342,,18:32:36995,49000,00:00:19810,,19:12:35303,49000,00:00:18862,,19:36:21960,49000,00:00:20620,,19:53:28479,49000,00:00:18791,,,49000,19.285
